lr,train/loss,train/color_loss,train/normal_loss,train/mask_error,train/sfm_depth_loss,train/psnr,train/s_val,epoch,created_at,val/loss,val/psnr
2.50E-05,0.942121685,0.779123008,2.75E-05,0.107592307,0.05537894,9.848018646,0.050375789,0,2022/8/4 12:38,,
2.50E-05,0.934860468,0.740699828,5.16E-05,0.122714832,0.071394227,10.28490829,0.050615095,0,2022/8/4 12:38,,
2.50E-05,0.798217714,0.616149306,5.81E-05,0.114524685,0.067485653,11.93789577,0.050840858,0,2022/8/4 12:38,,
2.50E-05,0.745287657,0.538156569,0.000120631,0.137104258,0.06990616,13.15154648,0.051243566,0,2022/8/4 12:39,,
2.50E-05,0.694684684,0.460234553,0.000262877,0.139322355,0.094864927,14.04487419,0.05167501,0,2022/8/4 12:39,,
2.50E-05,0.65398407,0.419947594,0.000198007,0.137672797,0.096165679,14.54385281,0.052040298,0,2022/8/4 12:39,,
2.50E-05,0.664675713,0.428222507,0.00014713,0.135466114,0.100839995,14.42479324,0.052460875,0,2022/8/4 12:40,,
2.50E-05,0.656103969,0.441116899,9.35E-05,0.129921183,0.084972471,14.14691544,0.052885871,0,2022/8/4 12:40,,
2.50E-05,0.612536252,0.417307287,7.18E-05,0.110860787,0.084296346,14.79886532,0.053307369,0,2022/8/4 12:40,,
2.50E-05,0.557403862,0.411714345,6.66E-05,0.116220571,0.029402366,14.74740124,0.053656876,0,2022/8/4 12:41,,
2.50E-05,0.564922035,0.402710348,6.17E-05,0.098919056,0.063230939,15.01029873,0.054001413,0,2022/8/4 12:41,,
2.50E-05,0.575506747,0.400107682,5.13E-05,0.101602614,0.073745064,14.95615578,0.054314002,0,2022/8/4 12:41,,
,,,,,,,,0,2022/8/4 12:42,0.44587642,16.25296783
2.50E-05,0.566304445,0.387571454,4.81E-05,0.103603594,0.075081289,15.28325844,0.054642398,1,2022/8/4 12:42,,
2.50E-05,0.563526094,0.40511322,4.22E-05,0.092830323,0.065540381,14.7959156,0.054967921,1,2022/8/4 12:42,,
2.50E-05,0.528779805,0.380257487,4.53E-05,0.096537255,0.051939841,15.10530281,0.055268262,1,2022/8/4 12:43,,
2.50E-05,0.496437192,0.358952016,3.83E-05,0.088049985,0.049396835,15.62058067,0.055576086,1,2022/8/4 12:43,,
2.50E-05,0.505125463,0.346779346,3.43E-05,0.086613983,0.071697801,15.97709084,0.055849493,1,2022/8/4 12:43,,
2.50E-05,0.447166353,0.344251841,3.50E-05,0.065266393,0.037613068,15.97208023,0.056072984,1,2022/8/4 12:44,,
2.50E-05,0.482301831,0.359584183,3.57E-05,0.079041056,0.043640871,15.46646309,0.056247078,1,2022/8/4 12:44,,
2.50E-05,0.425960541,0.328094721,3.48E-05,0.062808037,0.035023019,16.50777054,0.056414418,1,2022/8/4 12:44,,
2.50E-05,0.468868464,0.345942676,3.58E-05,0.06321799,0.059671964,15.88267422,0.056547083,1,2022/8/4 12:45,,
2.50E-05,0.464294642,0.338041246,3.31E-05,0.07418257,0.052037776,15.91738892,0.056644928,1,2022/8/4 12:45,,
2.50E-05,0.429382801,0.314136654,3.82E-05,0.058546085,0.056661841,16.44202042,0.056706235,1,2022/8/4 12:45,,
2.50E-05,0.409842789,0.32336989,3.66E-05,0.058884114,0.027552221,16.4274025,0.056731358,1,2022/8/4 12:46,,
2.50E-05,0.400252342,0.297905535,4.21E-05,0.057733115,0.044571634,17.0088768,0.056726005,1,2022/8/4 12:46,,
,,,,,,,,1,2022/8/4 12:47,0.337438643,17.34625816
2.50E-05,0.382686675,0.300176203,4.11E-05,0.053111058,0.029358355,16.99028969,0.056698099,2,2022/8/4 12:47,,
2.50E-05,0.400964975,0.305820107,4.11E-05,0.049965844,0.045137882,16.53500748,0.056643642,2,2022/8/4 12:47,,
2.50E-05,0.382096857,0.279405534,5.22E-05,0.049892232,0.052746862,17.41713715,0.056606766,2,2022/8/4 12:48,,
2.50E-05,0.396861494,0.311873168,6.00E-05,0.05505022,0.029878125,16.23077202,0.056537274,2,2022/8/4 12:48,,
2.50E-05,0.379435152,0.283302337,5.37E-05,0.044361252,0.051717829,17.21142197,0.056469589,2,2022/8/4 12:48,,
2.50E-05,0.390910387,0.288331985,6.54E-05,0.052345313,0.050167687,16.78232002,0.056409493,2,2022/8/4 12:49,,
2.50E-05,0.392459482,0.286196202,7.14E-05,0.044971284,0.061220586,16.93611908,0.056334753,2,2022/8/4 12:49,,
2.50E-05,0.361422092,0.283965856,7.14E-05,0.046934605,0.030450208,17.09679604,0.056249756,2,2022/8/4 12:49,,
2.50E-05,0.365684569,0.271843851,8.20E-05,0.040437806,0.053320885,17.7565136,0.056172255,2,2022/8/4 12:50,,
2.50E-05,0.353793025,0.264127195,8.44E-05,0.040256832,0.049324583,17.75706482,0.056069672,2,2022/8/4 12:50,,
2.50E-05,0.346280634,0.282616824,0.000102254,0.046235789,0.017325757,17.12507057,0.055939484,2,2022/8/4 12:50,,
2.50E-05,0.363310009,0.272852778,8.67E-05,0.047492549,0.042877953,17.54393578,0.055820417,2,2022/8/4 12:51,,
,,,,,,,,2,2022/8/4 12:51,0.339869916,17.1873188
2.50E-05,0.358788341,0.268535167,0.000101329,0.042742372,0.047409486,17.37084198,0.055672426,3,2022/8/4 12:51,,
2.50E-05,0.339125961,0.268787026,9.32E-05,0.041024849,0.029220862,16.93631744,0.055569887,3,2022/8/4 12:52,,
2.50E-05,0.347872198,0.267503679,0.000110759,0.038828932,0.041428845,17.39865875,0.055402514,3,2022/8/4 12:52,,
2.50E-05,0.354375541,0.274694294,0.000121084,0.047030997,0.032529183,17.21287155,0.055213712,3,2022/8/4 12:52,,
2.50E-05,0.336246967,0.253237039,0.000120543,0.04293073,0.039958645,17.56372643,0.055065304,3,2022/8/4 12:53,,
2.50E-05,0.34113723,0.259373575,0.000125005,0.043017708,0.038620949,17.58822632,0.054902762,3,2022/8/4 12:53,,
2.50E-05,0.324012727,0.256105691,0.000134896,0.04404797,0.023724167,17.6873703,0.054734919,3,2022/8/4 12:53,,
2.50E-05,0.351940632,0.266294211,0.000120833,0.044999253,0.040526353,17.23852539,0.05453077,3,2022/8/4 12:54,,
2.50E-05,0.336472392,0.256499648,0.000143859,0.041261405,0.038567495,17.42739487,0.054320022,3,2022/8/4 12:54,,
2.50E-05,0.335320473,0.252700925,0.000142849,0.040068962,0.042407766,17.60675812,0.054116834,3,2022/8/4 12:54,,
2.50E-05,0.35886699,0.260327905,0.000146608,0.049318641,0.04907386,17.58555412,0.05391923,3,2022/8/4 12:55,,
2.50E-05,0.327869475,0.251983911,0.000146126,0.041008707,0.03473074,17.90952492,0.053697467,3,2022/8/4 12:55,,
2.50E-05,0.352467149,0.27427417,0.000163721,0.041875519,0.03615373,16.64707565,0.053477798,3,2022/8/4 12:55,,
,,,,,,,,3,2022/8/4 12:56,0.347331554,17.1675415
2.50E-05,0.324757665,0.247381091,0.000182429,0.042455152,0.03473898,17.70679665,0.053305645,4,2022/8/4 12:56,,
2.50E-05,0.318700284,0.251406521,0.000180479,0.041400488,0.025712786,17.48404694,0.053140741,4,2022/8/4 12:57,,
2.50E-05,0.343449891,0.253839225,0.00017768,0.045163125,0.044269852,18.00761032,0.052940749,4,2022/8/4 12:57,,
2.50E-05,0.324348271,0.247759417,0.000198904,0.041313875,0.035076071,17.67287827,0.052698586,4,2022/8/4 12:57,,
2.50E-05,0.315847367,0.237494618,0.000196478,0.038042899,0.040113389,18.34257317,0.052476421,4,2022/8/4 12:58,,
2.50E-05,0.340534359,0.268752486,0.00021712,0.039767973,0.031796794,17.02181244,0.052241161,4,2022/8/4 12:58,,
2.50E-05,0.325910926,0.25082913,0.000262944,0.047070157,0.027748713,17.27678108,0.051933203,4,2022/8/4 12:58,,
2.50E-05,0.329867691,0.249483213,0.000197634,0.047767542,0.032419305,17.73472786,0.051696107,4,2022/8/4 12:59,,
2.50E-05,0.323231399,0.254461944,0.000250219,0.043214474,0.025304753,17.25907898,0.051490419,4,2022/8/4 12:59,,
2.50E-05,0.303700775,0.237175003,0.000212873,0.03527132,0.031041557,18.04368019,0.051198151,4,2022/8/4 12:59,,
2.50E-05,0.302706569,0.24195762,0.000217999,0.03600448,0.024526469,17.6519165,0.050963093,4,2022/8/4 13:00,,
2.50E-05,0.313671768,0.239405572,0.000246902,0.034871724,0.039147589,18.1324749,0.050715633,4,2022/8/4 13:00,,
,,,,,,,,4,2022/8/4 13:01,0.333649486,17.48687553
2.50E-05,0.317666173,0.250043958,0.000221127,0.03957817,0.027822917,17.54171753,0.050457843,5,2022/8/4 13:01,,
2.50E-05,0.305212498,0.242542729,0.00025104,0.038690019,0.023728691,17.63869286,0.050220426,5,2022/8/4 13:01,,
2.50E-05,0.323444694,0.24635537,0.000219381,0.035617564,0.041252386,17.69168854,0.049959958,5,2022/8/4 13:01,,
2.50E-05,0.315278172,0.243351802,0.000218236,0.039497495,0.032210644,17.68467712,0.049718905,5,2022/8/4 13:02,,
2.50E-05,0.308865279,0.230894238,0.000297704,0.042332824,0.035340518,17.89910507,0.049559448,5,2022/8/4 13:02,,
2.50E-05,0.329159796,0.241302267,0.000301798,0.03940871,0.048147008,18.02135849,0.049371582,5,2022/8/4 13:02,,
2.50E-05,0.310560524,0.23052378,0.000267456,0.039789729,0.039979555,18.16572571,0.0490884,5,2022/8/4 13:03,,
2.50E-05,0.323370934,0.241047829,0.00025507,0.049314439,0.032753572,17.86967087,0.048843894,5,2022/8/4 13:03,,
2.50E-05,0.329458177,0.251665503,0.000272235,0.042391393,0.035129052,17.52170372,0.048632674,5,2022/8/4 13:03,,
2.50E-05,0.297118962,0.228986919,0.000318603,0.037572496,0.030240962,18.37204742,0.048415281,5,2022/8/4 13:04,,
2.50E-05,0.29630506,0.22711502,0.000242904,0.036753871,0.032193277,18.12719727,0.048169475,5,2022/8/4 13:04,,
2.50E-05,0.324919701,0.243506804,0.000319412,0.04619674,0.03489675,17.23592567,0.047908999,5,2022/8/4 13:04,,
2.50E-05,0.299549699,0.231658146,0.000311415,0.046560176,0.021019954,18.19524002,0.047671229,5,2022/8/4 13:05,,
,,,,,,,,5,2022/8/4 13:05,0.329056263,17.5912571
2.50E-05,0.28765288,0.230389133,0.000323727,0.038013052,0.018926969,18.28099632,0.047495376,6,2022/8/4 13:06,,
2.50E-05,0.294249535,0.226303771,0.000361462,0.042447545,0.025136778,18.46540642,0.047273807,6,2022/8/4 13:06,,
2.50E-05,0.308641702,0.237969369,0.000246192,0.037148569,0.033277582,17.85943413,0.047094837,6,2022/8/4 13:06,,
2.50E-05,0.293712884,0.231926367,0.000327826,0.033337146,0.028121574,17.98360634,0.046859622,6,2022/8/4 13:07,,
2.50E-05,0.309820354,0.23775892,0.000398789,0.036824733,0.034837887,18.04837418,0.046684895,6,2022/8/4 13:07,,
2.50E-05,0.282301277,0.223261282,0.000337391,0.038771696,0.019930888,18.58387756,0.046471853,6,2022/8/4 13:07,,
2.50E-05,0.289304495,0.215051949,0.00031584,0.038473383,0.035463348,18.79656601,0.046293359,6,2022/8/4 13:08,,
2.50E-05,0.296420395,0.222942322,0.000330497,0.033593666,0.039553925,18.19022751,0.046128165,6,2022/8/4 13:08,,
2.50E-05,0.283894807,0.21677509,0.000350978,0.036176946,0.030591775,18.85684395,0.045916282,6,2022/8/4 13:08,,
2.50E-05,0.287006646,0.21540454,0.000466548,0.03212215,0.039013393,19.11427116,0.045765631,6,2022/8/4 13:09,,
2.50E-05,0.321612865,0.246361047,0.000394896,0.030483175,0.044373747,17.53948784,0.045589041,6,2022/8/4 13:09,,
2.50E-05,0.302393705,0.238902718,0.000339303,0.038504817,0.024646882,17.86655235,0.045428574,6,2022/8/4 13:09,,
,,,,,,,,6,2022/8/4 13:10,0.323593289,17.78421974
2.50E-05,0.305642426,0.222211972,0.000328437,0.038208779,0.044893239,18.30527878,0.045282166,7,2022/8/4 13:10,,
2.50E-05,0.278555095,0.215303361,0.000398199,0.03324407,0.029609457,18.54325867,0.045075774,7,2022/8/4 13:10,,
2.50E-05,0.29301399,0.217097104,0.000378984,0.041052621,0.034485273,18.7730751,0.044849019,7,2022/8/4 13:11,,
2.50E-05,0.280214906,0.21930936,0.00040064,0.032310732,0.02819415,18.6549015,0.044660177,7,2022/8/4 13:11,,
2.50E-05,0.297466427,0.23498486,0.000407277,0.039808407,0.022265879,17.66924858,0.044489883,7,2022/8/4 13:11,,
2.50E-05,0.302237093,0.228027642,0.000368867,0.037079733,0.036760859,18.09098816,0.044321965,7,2022/8/4 13:12,,
2.50E-05,0.29331851,0.223661184,0.00038538,0.039527588,0.029744366,18.27100945,0.044166394,7,2022/8/4 13:12,,
2.50E-05,0.298854291,0.219665334,0.000476105,0.040046159,0.038666692,18.74462318,0.044007167,7,2022/8/4 13:12,,
2.50E-05,0.307253659,0.239579558,0.000374497,0.041260991,0.026038622,17.4066906,0.043917503,7,2022/8/4 13:13,,
2.50E-05,0.2891213,0.218227893,0.000350523,0.037208527,0.033334352,18.32554436,0.043794122,7,2022/8/4 13:13,,
2.50E-05,0.293645829,0.220240787,0.000329696,0.038307995,0.034767356,18.66043472,0.043650229,7,2022/8/4 13:13,,
2.50E-05,0.296251148,0.228613541,0.000511328,0.040328424,0.026797865,17.5850029,0.043552812,7,2022/8/4 13:14,,
2.50E-05,0.314081848,0.23308593,0.000368008,0.041184649,0.039443266,17.77697754,0.043387778,7,2022/8/4 13:17,,
,,,,,,,,7,2022/8/4 13:18,0.332138896,17.63286591
2.50E-05,0.284863204,0.212915033,0.001366589,0.037983831,0.032597747,18.84779358,0.042355485,8,2022/8/4 13:18,,
2.50E-05,0.262946725,0.204407409,0.001028771,0.035624158,0.021886388,19.33864403,0.041665256,8,2022/8/4 13:19,,
2.50E-05,0.277839541,0.22480844,0.001199499,0.034666847,0.017164771,18.45684814,0.041190702,8,2022/8/4 13:19,,
2.50E-05,0.278008342,0.211140513,0.001201411,0.03611958,0.029546831,19.00907898,0.04069284,8,2022/8/4 13:20,,
2.50E-05,0.279755533,0.223392189,0.001054963,0.039165068,0.01614332,18.03678894,0.040266592,8,2022/8/4 13:20,,
2.50E-05,0.322415918,0.245088518,0.001450784,0.045044918,0.030831693,17.43602371,0.039922476,8,2022/8/4 13:21,,
2.50E-05,0.283953935,0.216179222,0.001194915,0.034401633,0.032178167,18.40781021,0.039562695,8,2022/8/4 13:21,,
2.50E-05,0.263498962,0.213271081,0.001141107,0.028625084,0.02046169,18.96021271,0.039248556,8,2022/8/4 13:22,,
2.50E-05,0.281751305,0.218875691,0.001010174,0.038604576,0.023260849,18.17938232,0.038993616,8,2022/8/4 13:22,,
2.50E-05,0.271386415,0.209128529,0.001109419,0.034198221,0.026950249,18.82913971,0.03873736,8,2022/8/4 13:23,,
2.50E-05,0.256696016,0.202115059,0.001144869,0.029673094,0.023762988,18.88636398,0.038481969,8,2022/8/4 13:23,,
2.50E-05,0.264483571,0.204899505,0.000945774,0.031365626,0.02727267,18.97057724,0.03826791,8,2022/8/4 13:23,,
,,,,,,,,8,2022/8/4 13:24,0.357796788,17.05234718
2.50E-05,0.257369488,0.206206366,0.001293603,0.026265128,0.023604384,19.02123833,0.038058892,9,2022/8/4 13:24,,
2.50E-05,0.261837482,0.204199776,0.000800625,0.033322934,0.023514142,18.46913528,0.037899137,9,2022/8/4 13:25,,
2.50E-05,0.251959592,0.192018136,0.001180224,0.036062699,0.022698538,19.86330414,0.037682679,9,2022/8/4 13:25,,
2.50E-05,0.251539797,0.197926432,0.000904701,0.034763593,0.01794509,19.57919884,0.03744892,9,2022/8/4 13:26,,
2.50E-05,0.284681022,0.218546882,0.000928498,0.041540716,0.023664908,18.69293594,0.037258044,9,2022/8/4 13:26,,
2.50E-05,0.250752807,0.197787598,0.000943569,0.034890376,0.017131265,19.22835732,0.037031278,9,2022/8/4 13:27,,
2.50E-05,0.258401871,0.208890826,0.001066026,0.032974366,0.015470644,18.79221725,0.036911961,9,2022/8/4 13:27,,
2.50E-05,0.257755488,0.199943513,0.000841264,0.031949896,0.025020828,19.13994598,0.036723457,9,2022/8/4 13:28,,
2.50E-05,0.268013567,0.208676353,0.001384846,0.036418814,0.021533562,18.75918007,0.036520075,9,2022/8/4 13:28,,
2.50E-05,0.250919342,0.200691283,0.000988675,0.02892421,0.020315161,18.95622253,0.036367059,9,2022/8/4 13:29,,
2.50E-05,0.241522789,0.191290319,0.000971863,0.031539701,0.017720904,19.35088158,0.036228273,9,2022/8/4 13:29,,
2.50E-05,0.255858243,0.205060452,0.000926308,0.031945821,0.017925674,18.63213348,0.036061324,9,2022/8/4 13:29,,
2.50E-05,0.26025492,0.197144181,0.000877381,0.034813043,0.027420325,19.00882721,0.035927344,9,2022/8/4 13:30,,
,,,,,,,,9,2022/8/4 13:30,0.374638826,16.65076637
2.50E-05,0.271491349,0.213290706,0.000958559,0.033981256,0.02326083,18.47798157,0.035807684,10,2022/8/4 13:31,,
2.50E-05,0.265526414,0.213926628,0.000900058,0.036733713,0.013966029,18.00442505,0.035669155,10,2022/8/4 13:31,,
2.50E-05,0.243762434,0.186528206,0.001106586,0.031257804,0.024869824,19.65726852,0.035498988,10,2022/8/4 13:32,,
2.50E-05,0.249136552,0.195935979,0.000869952,0.038300764,0.014029855,19.54670143,0.035363708,10,2022/8/4 13:32,,
2.50E-05,0.245664448,0.192303672,0.00099161,0.034418084,0.017951077,19.50457382,0.03522158,10,2022/8/4 13:33,,
2.50E-05,0.252999336,0.192804366,0.000869589,0.032969069,0.026356315,19.40870857,0.035133231,10,2022/8/4 13:33,,
2.50E-05,0.25407964,0.199182421,0.001134606,0.029934958,0.023827642,19.41209412,0.034996089,10,2022/8/4 13:34,,
2.50E-05,0.257183105,0.204940781,0.001079663,0.034538884,0.016623784,18.65106201,0.034885064,10,2022/8/4 13:34,,
2.50E-05,0.247666955,0.191089451,0.000970489,0.037681974,0.017925046,19.42338371,0.034757342,10,2022/8/4 13:35,,
2.50E-05,0.243901849,0.190837055,0.001056962,0.029896677,0.022111148,19.30910492,0.034623269,10,2022/8/4 13:35,,
2.50E-05,0.254373848,0.200695202,0.001270815,0.035207387,0.017200429,19.19992256,0.034535699,10,2022/8/4 13:35,,
2.50E-05,0.255136311,0.199448973,0.001070325,0.02914753,0.025469473,18.75889206,0.034393243,10,2022/8/4 13:36,,
,,,,,,,,10,2022/8/4 13:37,0.361286849,16.95827866
2.50E-05,0.234685764,0.189111546,0.001030601,0.027931897,0.016611723,19.68959045,0.034309577,11,2022/8/4 13:37,,
2.50E-05,0.2438986,0.185488269,0.001106742,0.027470483,0.029833106,19.99301529,0.034224443,11,2022/8/4 13:37,,
2.50E-05,0.231293529,0.178430259,0.001258519,0.031449854,0.020154899,20.05786705,0.034125894,11,2022/8/4 13:38,,
2.50E-05,0.266703367,0.20701772,0.001215182,0.033190001,0.025280461,18.59757233,0.034004204,11,2022/8/4 13:38,,
2.50E-05,0.251532346,0.193530783,0.001181434,0.030529086,0.026291052,19.63829803,0.033906732,11,2022/8/4 13:39,,
2.50E-05,0.260853171,0.199552536,0.001130274,0.038017821,0.022152539,19.29662704,0.033767555,11,2022/8/4 13:39,,
2.50E-05,0.233835518,0.176766291,0.001406325,0.033776339,0.021886554,20.21616364,0.033691775,11,2022/8/4 13:40,,
2.50E-05,0.244828582,0.19445987,0.001216874,0.03049081,0.018661018,19.40562439,0.033556823,11,2022/8/4 13:40,,
2.50E-05,0.247081727,0.191681162,0.001158763,0.033962529,0.020279272,19.26182175,0.033422198,11,2022/8/4 13:41,,
2.50E-05,0.259678125,0.195253834,0.000996624,0.03684957,0.026578099,19.14179802,0.033319492,11,2022/8/4 13:41,,
2.50E-05,0.235275358,0.183510527,0.001127187,0.032262791,0.018374864,19.82223129,0.033207368,11,2022/8/4 13:41,,
2.50E-05,0.240801632,0.188676149,0.001164736,0.030999476,0.019961273,19.69316101,0.033111431,11,2022/8/4 13:42,,
2.50E-05,0.250040025,0.190178439,0.000940887,0.037935216,0.020985475,19.29363251,0.033022832,11,2022/8/4 13:42,,
,,,,,,,,11,2022/8/4 13:43,0.378375083,16.6041584
2.50E-05,0.222716972,0.174962714,0.001502223,0.030547652,0.015704399,20.27788925,0.032929923,12,2022/8/4 13:43,,
2.50E-05,0.245661467,0.192724183,0.001195581,0.035000388,0.016741313,18.97764587,0.032832589,12,2022/8/4 13:44,,
2.50E-05,0.238585114,0.189096421,0.001046309,0.028199363,0.020243026,19.23502731,0.032765012,12,2022/8/4 13:44,,
2.50E-05,0.226636872,0.176168874,0.00102251,0.032181635,0.017263856,20.20902824,0.032689672,12,2022/8/4 13:45,,
2.50E-05,0.245505229,0.188592494,0.000899988,0.032619961,0.02339278,19.37108231,0.03258127,12,2022/8/4 13:45,,
2.50E-05,0.220869437,0.178379178,0.0011134,0.028581202,0.012795654,19.70820236,0.032498717,12,2022/8/4 13:46,,
2.50E-05,0.246789157,0.19502908,0.001225303,0.029519705,0.021015069,19.36761665,0.032393958,12,2022/8/4 13:46,,
2.50E-05,0.267206848,0.202671096,0.001146883,0.035905402,0.027483467,18.66732025,0.032340743,12,2022/8/4 13:47,,
2.50E-05,0.258574605,0.206183642,0.001105493,0.030665336,0.020620143,18.71212006,0.032285742,12,2022/8/4 13:47,,
2.50E-05,0.24530825,0.192773789,0.001076051,0.032736089,0.018722313,19.2580452,0.032203723,12,2022/8/4 13:47,,
2.50E-05,0.237342134,0.18186222,0.001116842,0.03586714,0.01849593,19.94020653,0.032147363,12,2022/8/4 13:48,,
2.50E-05,0.244450092,0.195634067,0.001055405,0.03008082,0.017679801,18.84914398,0.032090589,12,2022/8/4 13:48,,
,,,,,,,,12,2022/8/4 13:49,0.369970441,16.88687897
2.50E-05,0.235816866,0.182925165,0.000995585,0.033854079,0.018042034,19.63276291,0.032051958,13,2022/8/4 13:49,,
2.50E-05,0.239043757,0.187355667,0.001208738,0.028378129,0.022101218,19.19408226,0.031933099,13,2022/8/4 13:50,,
2.50E-05,0.232829183,0.176559493,0.001077381,0.029317712,0.025874604,19.66269875,0.031866152,13,2022/8/4 13:50,,
2.50E-05,0.233449906,0.184117153,0.001104118,0.035495169,0.012733466,20.00801468,0.03175066,13,2022/8/4 13:51,,
2.50E-05,0.239575744,0.192112073,0.001017421,0.031295463,0.015150785,19.12492943,0.031711146,13,2022/8/4 13:51,,
2.50E-05,0.216882363,0.175343752,0.001097519,0.028970251,0.011470835,19.81400299,0.031648282,13,2022/8/4 13:52,,
2.50E-05,0.261810213,0.211362511,0.001206007,0.036970578,0.012271099,18.38031387,0.031588469,13,2022/8/4 13:52,,
2.50E-05,0.230986491,0.184028432,0.001114358,0.03103048,0.014813229,19.38844872,0.031577788,13,2022/8/4 13:53,,
2.50E-05,0.218644306,0.17578727,0.001296496,0.027712543,0.013848013,20.0360527,0.031518634,13,2022/8/4 13:53,,
2.50E-05,0.241011694,0.191337153,0.001188416,0.031050066,0.017436063,18.91006088,0.031455882,13,2022/8/4 13:53,,
2.50E-05,0.235752091,0.190990359,0.000973415,0.030933863,0.012854454,18.9279232,0.031401996,13,2022/8/4 13:54,,
2.50E-05,0.223494947,0.170144379,0.000978111,0.030975899,0.02139657,20.22503662,0.031341206,13,2022/8/4 13:54,,
2.50E-05,0.229740411,0.179856271,0.001097398,0.032654501,0.016132236,19.39221954,0.031252846,13,2022/8/4 13:55,,
,,,,,,,,13,2022/8/4 13:55,0.36624369,16.87761497
2.50E-05,0.221024647,0.167410508,0.001299554,0.038376253,0.013938323,20.04854584,0.031113796,14,2022/8/4 13:56,,
2.50E-05,0.213465944,0.163967505,0.000995187,0.031380266,0.017122982,20.71081161,0.031049997,14,2022/8/4 13:56,,
2.50E-05,0.22608906,0.170763582,0.001171584,0.032986119,0.021167777,19.97492981,0.030975495,14,2022/8/4 13:57,,
2.50E-05,0.228061751,0.180090919,0.001169524,0.032253403,0.01454791,20.06079102,0.030953275,14,2022/8/4 13:57,,
2.50E-05,0.220401242,0.171071023,0.001170667,0.027703146,0.020456409,20.468853,0.030890906,14,2022/8/4 13:58,,
2.50E-05,0.241418198,0.193951994,0.000900313,0.034389369,0.012176526,19.57902145,0.03082359,14,2022/8/4 13:58,,
2.50E-05,0.235349551,0.178247437,0.001270441,0.034915563,0.02091611,19.46946335,0.030739522,14,2022/8/4 13:58,,
2.50E-05,0.239920408,0.183507472,0.000944834,0.029894367,0.02557373,19.53953743,0.03068025,14,2022/8/4 13:59,,
2.50E-05,0.21574299,0.168776378,0.001231363,0.028708542,0.017026713,20.57662582,0.030639315,14,2022/8/4 13:59,,
2.50E-05,0.22879,0.179633513,0.001071876,0.03148469,0.016599918,20.1022892,0.030595934,14,2022/8/4 14:00,,
2.50E-05,0.242887184,0.188030913,0.001193722,0.038608443,0.015054107,18.62567902,0.030554302,14,2022/8/4 14:00,,
2.50E-05,0.227716029,0.175882429,0.001403283,0.027217541,0.023212781,20.21588516,0.03052645,14,2022/8/4 14:01,,
,,,,,,,,14,2022/8/4 14:02,0.369044572,16.78308868
2.50E-05,0.230757967,0.179604366,0.000848268,0.029111704,0.02119364,20.16633034,0.030439507,15,2022/8/4 14:02,,
2.50E-05,0.233798906,0.178312689,0.001036951,0.041245442,0.013203816,19.87132263,0.030399069,15,2022/8/4 14:02,,
2.50E-05,0.239196941,0.192991972,0.001198144,0.029971307,0.015035519,19.11606598,0.030326255,15,2022/8/4 14:03,,
2.50E-05,0.214320093,0.164916396,0.001228294,0.029764239,0.018411176,20.48858833,0.030295666,15,2022/8/4 14:03,,
2.50E-05,0.223069027,0.179012641,0.001167193,0.030083617,0.012805586,19.73670197,0.030256391,15,2022/8/4 14:04,,
2.50E-05,0.235187232,0.172237441,0.000956683,0.034899056,0.027094049,20.19532776,0.030188845,15,2022/8/4 14:04,,
2.50E-05,0.226129055,0.169272885,0.001085307,0.028285084,0.027485771,20.2174778,0.030160209,15,2022/8/4 14:04,,
2.50E-05,0.234716162,0.185797229,0.001255838,0.032124098,0.015538985,18.95427895,0.030184066,15,2022/8/4 14:05,,
2.50E-05,0.228921562,0.179334655,0.001209794,0.034174066,0.014203037,19.62870216,0.030145109,15,2022/8/4 14:05,,
2.50E-05,0.253672659,0.191994056,0.001070637,0.037024762,0.023583207,18.97546959,0.03009944,15,2022/8/4 14:06,,
2.50E-05,0.230437994,0.176352814,0.001297694,0.029108146,0.023679335,20.3801899,0.030021673,15,2022/8/4 14:06,,
2.50E-05,0.230513573,0.182446837,0.001284073,0.029891565,0.016891098,19.49034882,0.029967044,15,2022/8/4 14:07,,
2.50E-05,0.220677763,0.175300971,0.001172171,0.028045079,0.016159547,20.13986206,0.029927379,15,2022/8/4 14:11,,
,,,,,,,,15,2022/8/4 14:11,0.373412222,16.74074936
2.50E-05,0.246009052,0.192568779,0.001069463,0.031169562,0.021201259,19.26605034,0.029828217,16,2022/8/4 14:12,,
2.50E-05,0.228458941,0.178642869,0.001242023,0.033304397,0.015269654,19.95317078,0.029771306,16,2022/8/4 14:12,,
2.50E-05,0.249302194,0.182923898,0.00105878,0.035947163,0.029372359,19.82584381,0.029688101,16,2022/8/4 14:13,,
2.50E-05,0.243593842,0.186832383,0.001414708,0.036983754,0.018362995,19.11600876,0.029618341,16,2022/8/4 14:13,,
2.50E-05,0.23205395,0.18184413,0.001281607,0.036475763,0.012452449,19.46247864,0.029572483,16,2022/8/4 14:13,,
2.50E-05,0.229806468,0.179903939,0.001312563,0.03008127,0.018508689,19.50837708,0.029510994,16,2022/8/4 14:14,,
2.50E-05,0.225861073,0.169481024,0.001141246,0.036806479,0.018432314,20.55762863,0.029475788,16,2022/8/4 14:14,,
2.50E-05,0.243140236,0.182722539,0.001174688,0.035256043,0.023986971,19.88021469,0.029440109,16,2022/8/4 14:15,,
2.50E-05,0.235198438,0.182993054,0.001454175,0.030237639,0.020513559,19.3983345,0.029385086,16,2022/8/4 14:15,,
2.50E-05,0.210555837,0.161821768,0.001299627,0.029229248,0.018205192,20.5800457,0.029362572,16,2022/8/4 14:16,,
2.50E-05,0.232796878,0.17957671,0.001274488,0.031083351,0.020862348,19.79973221,0.029340878,16,2022/8/4 14:16,,
2.50E-05,0.208412766,0.161452889,0.001229273,0.03167351,0.014057097,20.57301331,0.029330863,16,2022/8/4 14:17,,
,,,,,,,,16,2022/8/4 14:17,0.367281765,16.92395782
2.50E-05,0.238448814,0.186462194,0.001257035,0.036570888,0.014158693,19.44471931,0.02928821,17,2022/8/4 14:18,,
2.50E-05,0.230358407,0.174556002,0.001494024,0.029321536,0.02498685,19.96217346,0.029265014,17,2022/8/4 14:18,,
2.50E-05,0.248562604,0.184579194,0.001438152,0.039984066,0.022561187,19.17947197,0.029232338,17,2022/8/4 14:19,,
2.50E-05,0.233583152,0.178888008,0.001673978,0.031498335,0.021522824,19.79185486,0.029188823,17,2022/8/4 14:19,,
2.50E-05,0.230743796,0.18498759,0.001560228,0.032250401,0.011945576,19.74982262,0.029149141,17,2022/8/4 14:19,,
2.50E-05,0.221019089,0.171030238,0.001600454,0.032868803,0.015519585,20.12637711,0.029096851,17,2022/8/4 14:20,,
2.50E-05,0.210661128,0.157922909,0.001412814,0.028394764,0.022930656,21.03698349,0.029040998,17,2022/8/4 14:20,,
2.50E-05,0.225839093,0.172375545,0.001187674,0.03332166,0.018954216,20.66880035,0.028985776,17,2022/8/4 14:21,,
2.50E-05,0.214175522,0.164952561,0.001461245,0.029096244,0.01866547,20.79700661,0.028920241,17,2022/8/4 14:21,,
2.50E-05,0.243333414,0.184424266,0.001318599,0.039569568,0.018020967,19.48352814,0.028892692,17,2022/8/4 14:22,,
2.50E-05,0.231912851,0.182506144,0.001354552,0.029217914,0.018834241,19.55069542,0.028853185,17,2022/8/4 14:22,,
2.50E-05,0.255057961,0.189380974,0.001302872,0.042750586,0.021623524,19.20103264,0.028870383,17,2022/8/4 14:23,,
2.50E-05,0.215002313,0.168345064,0.00131422,0.029790163,0.015552866,20.165205,0.028860018,17,2022/8/4 14:23,,
,,,,,,,,17,2022/8/4 14:24,0.371064276,16.81917763
2.50E-05,0.28125447,0.214264512,0.000409729,0.043217517,0.023362737,17.99419022,0.03223611,18,2022/8/6 6:16,,
2.50E-05,0.26028201,0.199316666,0.000489941,0.035246059,0.025229339,19.18526459,0.032311648,18,2022/8/6 6:17,,
2.50E-05,0.275504768,0.219241053,0.0003878,0.033497196,0.022378724,17.50189972,0.032384254,18,2022/8/6 6:17,,
2.50E-05,0.271196902,0.204108909,0.000575025,0.031749383,0.034763586,18.43231392,0.032474339,18,2022/8/6 6:17,,
2.50E-05,0.26559338,0.204747647,0.000395301,0.038654614,0.021795822,18.38037872,0.032595411,18,2022/8/6 6:17,,
2.50E-05,0.261006802,0.202009812,0.000579894,0.031948294,0.026468808,18.42618752,0.032721352,18,2022/8/6 6:17,,
2.50E-05,0.2551184,0.1955093,0.000434124,0.03719015,0.021984803,19.1237545,0.032755293,18,2022/8/6 6:18,,
2.50E-05,0.259135425,0.198220491,0.000601402,0.036897551,0.023415996,18.72684669,0.03280963,18,2022/8/6 6:18,,
2.50E-05,0.258543402,0.191104695,0.000442507,0.040964451,0.026031742,19.17802811,0.032846533,18,2022/8/6 6:18,,
2.50E-05,0.236284629,0.182614595,0.00054085,0.029593701,0.023535479,19.82061768,0.032915216,18,2022/8/6 6:18,,
2.50E-05,0.252150625,0.186552197,0.000638494,0.037873667,0.027086252,19.44963455,0.032959223,18,2022/8/6 6:19,,
2.50E-05,0.250579387,0.195491165,0.000418581,0.025948066,0.028721569,19.03903198,0.03296198,18,2022/8/6 6:19,,
2.50E-05,0.264117777,0.204974934,0.000360314,0.036093738,0.0226888,18.2425518,0.032964528,18,2022/8/6 6:19,,
,,,,,,,,18,2022/8/6 6:19,0.35895884,17.18278122
2.50E-05,0.255976647,0.199858665,0.000466863,0.034715556,0.020935562,19.08648872,0.033017218,19,2022/8/6 6:19,,
2.50E-05,0.24615398,0.192424223,0.000459128,0.035676416,0.017594211,19.16824722,0.033039536,19,2022/8/6 6:20,,
2.50E-05,0.251336277,0.190923527,0.000563519,0.034854498,0.024994744,19.11351013,0.033070214,19,2022/8/6 6:20,,
2.50E-05,0.243975639,0.190888107,0.000363218,0.029994735,0.022729574,19.08311653,0.033061426,19,2022/8/6 6:20,,
2.50E-05,0.258547306,0.186099321,0.000441964,0.036065936,0.035940077,19.41373634,0.033120438,19,2022/8/6 6:20,,
2.50E-05,0.263781011,0.20573844,0.00048903,0.034820523,0.022733008,18.40158081,0.033176456,19,2022/8/6 6:21,,
2.50E-05,0.278847635,0.211254224,0.000529722,0.042137899,0.024925804,18.076931,0.033172287,19,2022/8/6 6:21,,
2.50E-05,0.249798104,0.194416434,0.000669551,0.029073859,0.025638247,19.09880257,0.033212233,19,2022/8/6 6:21,,
2.50E-05,0.256473958,0.190347672,0.000507019,0.038280796,0.027338484,19.3671875,0.033258915,19,2022/8/6 6:21,,
2.50E-05,0.23427704,0.173855171,0.000466408,0.034540426,0.025415031,19.75950432,0.033183713,19,2022/8/6 6:21,,
2.50E-05,0.244582534,0.177940995,0.000478579,0.040254585,0.025908379,19.38463593,0.033187896,19,2022/8/6 6:22,,
2.50E-05,0.247078881,0.197764054,0.000448907,0.028643072,0.020222845,19.13306808,0.03322712,19,2022/8/6 6:22,,
,,,,,,,,19,2022/8/6 6:22,0.342655897,17.38541794
2.50E-05,0.253114104,0.19586198,0.000534081,0.027178643,0.029539391,18.80994034,0.03322465,20,2022/8/6 6:22,,
2.50E-05,0.257731587,0.196684092,0.00037195,0.038271919,0.022403637,19.1663723,0.033237837,20,2022/8/6 6:23,,
2.50E-05,0.244176522,0.182423979,0.000587256,0.034192368,0.026972923,19.63823509,0.033241596,20,2022/8/6 6:23,,
2.50E-05,0.249909863,0.188236564,0.000464438,0.036009453,0.025199404,19.1596508,0.033311412,20,2022/8/6 6:23,,
2.50E-05,0.234447166,0.187024176,0.000483366,0.029928703,0.017010931,18.89935303,0.03333756,20,2022/8/6 6:23,,
2.50E-05,0.262309223,0.196455479,0.000398362,0.033873983,0.031581406,19.05853271,0.033326779,20,2022/8/6 6:24,,
2.50E-05,0.255208343,0.189509884,0.000476482,0.032022569,0.033199426,19.13978386,0.033264644,20,2022/8/6 6:24,,
2.50E-05,0.234067604,0.173186228,0.000486082,0.039261591,0.0211337,20.11317062,0.033189915,20,2022/8/6 6:24,,
2.50E-05,0.250352949,0.196990356,0.000484023,0.032560039,0.020318534,18.54353142,0.033242624,20,2022/8/6 6:24,,
2.50E-05,0.250384539,0.193648562,0.000523029,0.035000909,0.021212045,19.04097748,0.033251479,20,2022/8/6 6:24,,
2.50E-05,0.241559029,0.191347167,0.000467448,0.026467433,0.023276992,18.97779655,0.033240668,20,2022/8/6 6:25,,
2.50E-05,0.273839146,0.211316183,0.000480979,0.040571146,0.021470847,18.03837967,0.033222508,20,2022/8/6 6:25,,
2.50E-05,0.258045793,0.202656195,0.000551679,0.031253364,0.023584541,18.3006897,0.033235092,20,2022/8/6 6:25,,
,,,,,,,,20,2022/8/6 6:25,0.342860281,17.42535019
2.50E-05,0.253440827,0.196802363,0.000490692,0.0291161,0.027031666,18.66792107,0.033210658,21,2022/8/6 6:26,,
2.50E-05,0.231479988,0.183900058,0.000518133,0.026224142,0.020837661,19.3312664,0.033280008,21,2022/8/6 6:26,,
2.50E-05,0.23293139,0.186658144,0.0004233,0.03021929,0.015630662,19.54563522,0.033262152,21,2022/8/6 6:26,,
2.50E-05,0.232147828,0.167879239,0.000447541,0.029425863,0.034395188,20.45629692,0.033232119,21,2022/8/6 6:26,,
2.50E-05,0.248308495,0.194847986,0.000457358,0.028280914,0.024722237,18.79763222,0.033200614,21,2022/8/6 6:26,,
2.50E-05,0.223163798,0.17596598,0.00054438,0.025957329,0.020696105,20.04805756,0.033210274,21,2022/8/6 6:27,,
2.50E-05,0.258666337,0.193271592,0.000588154,0.036492813,0.028313791,18.87734222,0.033190276,21,2022/8/6 6:27,,
2.50E-05,0.263566673,0.196556151,0.000558272,0.031581681,0.034870569,18.40331078,0.033097249,21,2022/8/6 6:27,,
2.50E-05,0.252757818,0.189892113,0.000593103,0.033240501,0.029032124,18.99730301,0.033115212,21,2022/8/6 6:27,,
2.50E-05,0.243905216,0.179878578,0.000564569,0.035192933,0.028269133,19.30179214,0.033090215,21,2022/8/6 6:28,,
2.50E-05,0.264858931,0.201264903,0.000542074,0.039000582,0.024051361,18.24254608,0.033114865,21,2022/8/6 6:28,,
2.50E-05,0.244824156,0.181480959,0.000535543,0.035113748,0.027693897,19.57796288,0.033117998,21,2022/8/6 6:28,,
,,,,,,,,21,2022/8/6 6:28,0.344670504,17.28586769
2.50E-05,0.249716491,0.182700381,0.000517802,0.035384025,0.031114286,19.09475708,0.03305858,22,2022/8/6 6:28,,
2.50E-05,0.244452193,0.188805506,0.000599151,0.031687263,0.023360288,19.03051949,0.03302547,22,2022/8/6 6:29,,
2.50E-05,0.237892717,0.181210026,0.000602326,0.036985483,0.01909489,19.63257027,0.032989994,22,2022/8/6 6:29,,
2.50E-05,0.259626478,0.201946288,0.000445414,0.035699997,0.021534774,18.64334297,0.032938384,22,2022/8/6 6:29,,
2.50E-05,0.235450163,0.188230947,0.00056067,0.032906327,0.013752222,19.29432297,0.032892942,22,2022/8/6 6:29,,
2.50E-05,0.257399291,0.184110656,0.00053107,0.034528039,0.038229518,19.89601135,0.032846887,22,2022/8/6 6:30,,
2.50E-05,0.244691908,0.182435572,0.000646364,0.031054515,0.030555457,19.45020294,0.032814745,22,2022/8/6 6:30,,
2.50E-05,0.257133245,0.194057912,0.0004979,0.037280113,0.025297327,18.92813301,0.032789648,22,2022/8/6 6:30,,
2.50E-05,0.257457823,0.197176248,0.000648948,0.040367797,0.019264836,18.72986031,0.032805853,22,2022/8/6 6:30,,
2.50E-05,0.234306261,0.175161824,0.000542172,0.034571841,0.024030413,20.17113686,0.032740772,22,2022/8/6 6:30,,
2.50E-05,0.241173029,0.188572139,0.00048434,0.03467283,0.017443728,18.9303112,0.032695714,22,2022/8/6 6:31,,
2.50E-05,0.256369054,0.200037688,0.000469111,0.030946752,0.024915511,18.41876793,0.03265515,22,2022/8/6 6:31,,
2.50E-05,0.226469979,0.169100896,0.000491437,0.03092554,0.025952104,20.01377106,0.032631204,22,2022/8/6 6:31,,
,,,,,,,,22,2022/8/6 6:31,0.349357069,17.27344704
2.50E-05,0.235154778,0.181227669,0.000443194,0.033195123,0.020288797,19.49472046,0.03268062,23,2022/8/6 6:32,,
2.50E-05,0.244496644,0.189545453,0.00054203,0.035384297,0.019024871,18.98547173,0.03266177,23,2022/8/6 6:32,,
2.50E-05,0.251573026,0.186491698,0.000541223,0.032621603,0.031918492,19.33347511,0.032671046,23,2022/8/6 6:32,,
2.50E-05,0.232737154,0.177591637,0.000645123,0.028061677,0.026438726,19.62008858,0.032685537,23,2022/8/6 6:32,,
2.50E-05,0.240534812,0.182162136,0.000553031,0.029045224,0.02877442,19.79629898,0.032729894,23,2022/8/6 6:33,,
2.50E-05,0.263299555,0.194347635,0.000576734,0.033336021,0.035039153,18.69626236,0.032703277,23,2022/8/6 6:33,,
2.50E-05,0.230707809,0.177724764,0.000589623,0.030533522,0.021859903,19.37439919,0.032710392,23,2022/8/6 6:33,,
2.50E-05,0.245209485,0.187269628,0.000564831,0.031696111,0.025678912,19.17807007,0.032727528,23,2022/8/6 6:33,,
2.50E-05,0.239204764,0.17432785,0.000580245,0.038533568,0.025763093,20.17008972,0.032709625,23,2022/8/6 6:33,,
2.50E-05,0.251081854,0.183566615,0.000536797,0.031569313,0.035409119,19.29919434,0.032718234,23,2022/8/6 6:34,,
2.50E-05,0.251058191,0.188680425,0.000580737,0.042284291,0.019512728,19.16452599,0.032683555,23,2022/8/6 6:34,,
2.50E-05,0.226000786,0.164069802,0.000563234,0.025547838,0.035819925,20.51021576,0.032674018,23,2022/8/6 6:34,,
,,,,,,,,23,2022/8/6 6:34,0.333583951,17.59360504
2.50E-05,0.247015953,0.185192317,0.000650409,0.038556971,0.022616262,19.17272949,0.032692548,24,2022/8/6 6:35,,
2.50E-05,0.217909068,0.168330923,0.000731302,0.029356083,0.019490771,20.23001099,0.032739468,24,2022/8/6 6:35,,
2.50E-05,0.236422881,0.18280828,0.000541031,0.029953768,0.023119813,19.56579208,0.032766715,24,2022/8/6 6:35,,
2.50E-05,0.254719764,0.19721511,0.000702076,0.035766851,0.021035707,18.51667595,0.032811493,24,2022/8/6 6:35,,
2.50E-05,0.246973395,0.190138087,0.000641305,0.036269911,0.019924104,18.90667152,0.032895055,24,2022/8/6 6:35,,
2.50E-05,0.24461256,0.184060767,0.000563346,0.031831939,0.028156525,19.04866028,0.032860577,24,2022/8/6 6:36,,
2.50E-05,0.241970912,0.181450799,0.000676925,0.027920157,0.031923026,19.38842392,0.032871149,24,2022/8/6 6:36,,
2.50E-05,0.251928896,0.193778455,0.000495103,0.036008768,0.021646565,18.73996925,0.03285417,24,2022/8/6 6:36,,
2.50E-05,0.228094965,0.180720061,0.000478679,0.029523065,0.017373161,19.33629608,0.032822944,24,2022/8/6 6:36,,
2.50E-05,0.254181117,0.195536613,0.000567667,0.032168657,0.025908163,18.46297836,0.032758839,24,2022/8/6 6:37,,
2.50E-05,0.257402658,0.197954908,0.00049912,0.038027387,0.02092126,18.67806244,0.032773308,24,2022/8/6 6:37,,
2.50E-05,0.241712764,0.185885966,0.000659846,0.033045135,0.0221218,19.0267601,0.032825623,24,2022/8/6 6:37,,
2.50E-05,0.232707709,0.174035445,0.000598401,0.034707092,0.023366781,19.70060539,0.032827009,24,2022/8/6 6:39,,
,,,,,,,,24,2022/8/6 6:39,0.34928897,17.22987556
2.50E-05,0.198450834,0.151173666,0.001935495,0.029571036,0.015770636,21.06735992,0.032169167,25,2022/8/6 6:40,,
2.50E-05,0.207201406,0.165236577,0.001945555,0.02722902,0.01279025,20.02777481,0.031710785,25,2022/8/6 6:40,,
2.50E-05,0.207099363,0.159770653,0.001920429,0.028155914,0.017252371,21.11343765,0.031329375,25,2022/8/6 6:40,,
2.50E-05,0.210588053,0.163567975,0.002063028,0.028785149,0.016171902,20.15789032,0.03097802,25,2022/8/6 6:41,,
2.50E-05,0.218412071,0.172054738,0.002034002,0.024877382,0.019445939,20.03879929,0.030735651,25,2022/8/6 6:41,,
2.50E-05,0.222787604,0.176787391,0.001964935,0.029064018,0.014971256,19.88592529,0.030510448,25,2022/8/6 6:41,,
2.50E-05,0.205979064,0.154970735,0.002226643,0.03357039,0.015211304,21.48921776,0.030289521,25,2022/8/6 6:41,,
2.50E-05,0.234903052,0.174887255,0.002192266,0.033714607,0.024108915,19.72524071,0.030079454,25,2022/8/6 6:42,,
2.50E-05,0.223282099,0.175971985,0.002372896,0.033252582,0.011684636,19.69221878,0.029873565,25,2022/8/6 6:42,,
2.50E-05,0.209103525,0.163669899,0.002058805,0.025962014,0.017412812,20.22799301,0.029643869,25,2022/8/6 6:42,,
2.50E-05,0.234056085,0.18075788,0.001847707,0.030590653,0.020859858,19.31864738,0.029465407,25,2022/8/6 6:43,,
2.50E-05,0.222412109,0.174766332,0.001891287,0.030684834,0.015069664,20.01976395,0.029280182,25,2022/8/6 6:43,,
,,,,,,,,25,2022/8/6 6:43,0.365147263,17.0033474
2.50E-05,0.224603996,0.175769255,0.001779016,0.028800413,0.01825531,19.48518372,0.02917413,26,2022/8/6 6:43,,
2.50E-05,0.214318976,0.161613464,0.001713329,0.035436872,0.015555307,20.27843285,0.029103301,26,2022/8/6 6:44,,
2.50E-05,0.207624435,0.16332081,0.001524852,0.023125362,0.019653406,20.4919548,0.028955882,26,2022/8/6 6:44,,
2.50E-05,0.200691864,0.162163153,0.001920174,0.023616025,0.012992503,20.38076019,0.028822059,26,2022/8/6 6:44,,
2.50E-05,0.192567855,0.152746335,0.001793607,0.023919972,0.014107944,20.67204666,0.028706094,26,2022/8/6 6:45,,
2.50E-05,0.221625119,0.16924116,0.002201951,0.032443345,0.017738672,20.00310135,0.02856138,26,2022/8/6 6:45,,
2.50E-05,0.212723717,0.160942987,0.00220952,0.033697654,0.015873572,20.7790966,0.028493991,26,2022/8/6 6:45,,
2.50E-05,0.219393268,0.171902388,0.001899686,0.032152876,0.013438317,19.76362419,0.028364224,26,2022/8/6 6:46,,
2.50E-05,0.217227727,0.166045129,0.001974399,0.029475216,0.019732986,20.02032471,0.028281234,26,2022/8/6 6:46,,
2.50E-05,0.205996275,0.16055724,0.001982783,0.027294148,0.016162105,20.28772736,0.028161272,26,2022/8/6 6:46,,
2.50E-05,0.205104366,0.157054946,0.001890442,0.033349097,0.012809887,20.92008972,0.028110091,26,2022/8/6 6:46,,
2.50E-05,0.211144134,0.165978238,0.0020175,0.03046352,0.012684879,20.13797569,0.02799331,26,2022/8/6 6:47,,
2.50E-05,0.232864246,0.180538774,0.002058195,0.033780675,0.016486606,19.88458443,0.027908936,26,2022/8/6 6:47,,
,,,,,,,,26,2022/8/6 6:47,0.378876239,16.72417259
2.50E-05,0.234859392,0.183650255,0.002036355,0.031030102,0.018142683,19.06699944,0.027811168,27,2022/8/6 6:48,,
2.50E-05,0.195683762,0.14948,0.001739112,0.028325884,0.01613876,21.33256531,0.027713697,27,2022/8/6 6:48,,
2.50E-05,0.207890391,0.162769288,0.002457136,0.028124316,0.014539641,20.45077896,0.027607586,27,2022/8/6 6:48,,
2.50E-05,0.195067659,0.154588044,0.002094223,0.022002403,0.016382987,20.5145607,0.027519224,27,2022/8/6 6:48,,
2.50E-05,0.216976777,0.172700018,0.001900746,0.030600334,0.011775676,19.47056007,0.027464315,27,2022/8/6 6:49,,
2.50E-05,0.219142139,0.17236039,0.001901319,0.03252935,0.012351086,19.5345459,0.027405363,27,2022/8/6 6:49,,
2.50E-05,0.209561437,0.160390452,0.002042644,0.032696143,0.014432189,20.20838165,0.027363617,27,2022/8/6 6:49,,
2.50E-05,0.201425329,0.161653027,0.001903135,0.025864551,0.012004609,20.1801033,0.027322982,27,2022/8/6 6:50,,
2.50E-05,0.222445488,0.172578529,0.00138348,0.034324512,0.014158964,19.67268753,0.027229559,27,2022/8/6 6:50,,
2.50E-05,0.19699052,0.153355196,0.001810898,0.023568949,0.018255493,20.77105331,0.027156193,27,2022/8/6 6:50,,
2.50E-05,0.242812574,0.179071799,0.00181726,0.034433011,0.027490506,19.86950302,0.027144579,27,2022/8/6 6:50,,
2.50E-05,0.213525459,0.171682268,0.002004001,0.028663883,0.011175303,20.06415176,0.027101995,27,2022/8/6 6:51,,
,,,,,,,,27,2022/8/6 6:51,0.368667543,16.8958683
2.50E-05,0.201537803,0.154310167,0.001941548,0.028200207,0.017085886,20.58636093,0.02704961,28,2022/8/6 6:51,,
2.50E-05,0.206834167,0.163841426,0.002563418,0.028433433,0.011995895,20.15662956,0.026968835,28,2022/8/6 6:52,,
2.50E-05,0.217649683,0.172831908,0.001761023,0.033572894,0.009483865,19.34857178,0.026887568,28,2022/8/6 6:52,,
2.50E-05,0.215754285,0.163729772,0.001746132,0.036165148,0.014113239,20.05380821,0.026821518,28,2022/8/6 6:52,,
2.50E-05,0.212963566,0.166789457,0.00201913,0.029340506,0.014814469,20.32361984,0.026772387,28,2022/8/6 6:53,,
2.50E-05,0.207706377,0.154392347,0.001832347,0.030406121,0.021075558,20.52289963,0.026706023,28,2022/8/6 6:53,,
2.50E-05,0.21341756,0.165924966,0.001877457,0.030115221,0.015499922,19.98359108,0.026701994,28,2022/8/6 6:53,,
2.50E-05,0.22300218,0.174532533,0.0021648,0.033619866,0.012684981,19.64860725,0.026673431,28,2022/8/6 6:53,,
2.50E-05,0.21793744,0.170317754,0.001537812,0.031763222,0.014318642,19.83007622,0.026673,28,2022/8/6 6:54,,
2.50E-05,0.199095845,0.152599737,0.00197278,0.028841048,0.015682278,20.89561653,0.02664395,28,2022/8/6 6:54,,
2.50E-05,0.20269385,0.160364926,0.001795956,0.02541749,0.015115469,20.26843262,0.026597429,28,2022/8/6 6:54,,
2.50E-05,0.200388446,0.158322856,0.00165376,0.028776979,0.011634858,20.93613434,0.026551632,28,2022/8/6 6:55,,
2.50E-05,0.201103568,0.154323757,0.002028212,0.03207355,0.012678057,20.80442047,0.026563231,28,2022/8/6 6:55,,
,,,,,,,,28,2022/8/6 6:55,0.369190544,16.96564102
2.50E-05,0.20580478,0.159359828,0.001651577,0.0267774,0.018015975,20.3561821,0.026527999,29,2022/8/6 6:55,,
2.50E-05,0.186198607,0.146951258,0.001832245,0.026007725,0.011407373,21.49538803,0.026480636,29,2022/8/6 6:56,,
2.50E-05,0.200380743,0.156233504,0.001739105,0.029204005,0.01320413,20.35784721,0.026452003,29,2022/8/6 6:56,,
2.50E-05,0.211514831,0.151998803,0.001570595,0.029308824,0.028636608,20.80549049,0.026368314,29,2022/8/6 6:56,,
2.50E-05,0.202108994,0.158529624,0.001946214,0.025449162,0.016184004,20.82289886,0.026342044,29,2022/8/6 6:57,,
2.50E-05,0.203776985,0.155020833,0.002024396,0.033644095,0.013087654,20.71515846,0.0263381,29,2022/8/6 6:57,,
2.50E-05,0.223530143,0.173237711,0.001682301,0.035074234,0.013535901,19.18937683,0.026292613,29,2022/8/6 6:57,,
2.50E-05,0.208028436,0.164297983,0.001946372,0.028476739,0.013307326,20.54665756,0.026271543,29,2022/8/6 6:58,,
2.50E-05,0.21401462,0.16480124,0.001799578,0.029867357,0.017546451,20.01347351,0.026252108,29,2022/8/6 6:58,,
2.50E-05,0.188170269,0.147789076,0.001980561,0.025030864,0.013369769,21.35974884,0.026202247,29,2022/8/6 6:58,,
2.50E-05,0.208945468,0.161397681,0.001950172,0.031668421,0.013929185,20.28499985,0.02616906,29,2022/8/6 6:58,,
2.50E-05,0.199770108,0.155300796,0.001650398,0.030851221,0.011967703,20.38340378,0.026145292,29,2022/8/6 6:59,,
,,,,,,,,29,2022/8/6 6:59,0.376191348,16.72692108
2.50E-05,0.204878911,0.158868611,0.001732263,0.034062061,0.010215989,20.04138947,0.026120905,30,2022/8/6 6:59,,
2.50E-05,0.200519979,0.158751756,0.001735883,0.028721182,0.011311151,20.03612137,0.026083617,30,2022/8/6 7:00,,
2.50E-05,0.197854936,0.156096369,0.001846453,0.029176841,0.010735272,20.3599472,0.02603416,30,2022/8/6 7:00,,
2.50E-05,0.198476478,0.152867913,0.001899497,0.029208288,0.014500788,20.55049706,0.026014138,30,2022/8/6 7:00,,
2.50E-05,0.189865172,0.146848246,0.002014854,0.02632669,0.014675378,20.88226318,0.026011052,30,2022/8/6 7:00,,
2.50E-05,0.205131993,0.158316314,0.001798138,0.030334091,0.014683451,20.02492142,0.025986014,30,2022/8/6 7:01,,
2.50E-05,0.192974478,0.151710838,0.001517415,0.027814511,0.011931724,20.86492729,0.025967391,30,2022/8/6 7:01,,
2.50E-05,0.217581943,0.17344363,0.001721337,0.034303699,0.008113279,19.61282921,0.025943147,30,2022/8/6 7:01,,
2.50E-05,0.178727657,0.136955753,0.001884291,0.028563177,0.011324428,21.52057838,0.025914486,30,2022/8/6 7:02,,
2.50E-05,0.201567635,0.165457398,0.001723341,0.024775561,0.009611345,19.79490471,0.025913488,30,2022/8/6 7:02,,
2.50E-05,0.208081394,0.168649361,0.001662389,0.023439445,0.014330207,19.77674103,0.025887674,30,2022/8/6 7:02,,
2.50E-05,0.193295971,0.149246827,0.001861971,0.028814111,0.013373059,21.08835983,0.025854833,30,2022/8/6 7:02,,
2.50E-05,0.191138044,0.150484025,0.002091613,0.02753205,0.01103034,21.0294075,0.025817517,30,2022/8/6 7:03,,
,,,,,,,,30,2022/8/6 7:03,0.374952912,16.76245308
2.50E-05,0.206209674,0.161102206,0.001880891,0.03305563,0.010170953,19.83390808,0.025783438,31,2022/8/6 7:03,,
2.50E-05,0.212649062,0.169646949,0.001358308,0.031244993,0.010398799,19.44937897,0.025779665,31,2022/8/6 7:04,,
2.50E-05,0.19648093,0.157744825,0.002084297,0.023346629,0.01330518,20.55800247,0.025768468,31,2022/8/6 7:04,,
2.50E-05,0.196759239,0.150440305,0.001874079,0.025861243,0.018583605,21.03751755,0.025776947,31,2022/8/6 7:04,,
2.50E-05,0.202074334,0.154575422,0.001675926,0.029168522,0.016654482,20.89306259,0.025748663,31,2022/8/6 7:05,,
2.50E-05,0.204639241,0.164089397,0.001673163,0.028588755,0.010287924,20.06507492,0.025726242,31,2022/8/6 7:05,,
2.50E-05,0.197312996,0.156071782,0.001895946,0.029889781,0.009455488,21.33956146,0.025692934,31,2022/8/6 7:05,,
2.50E-05,0.212007374,0.161376879,0.001475245,0.031780008,0.017375249,19.97700882,0.025669666,31,2022/8/6 7:05,,
2.50E-05,0.192232013,0.151053116,0.001848976,0.028970717,0.0103592,20.50852966,0.025638917,31,2022/8/6 7:06,,
2.50E-05,0.185469925,0.141014382,0.001793737,0.027965633,0.014696169,21.75488663,0.025612898,31,2022/8/6 7:06,,
2.50E-05,0.208117738,0.156440854,0.002319349,0.028666807,0.020690722,21.06680679,0.025586547,31,2022/8/6 7:06,,
2.50E-05,0.211467639,0.172380805,0.001778481,0.027377708,0.009930635,19.94644165,0.025583481,31,2022/8/6 7:07,,
,,,,,,,,31,2022/8/6 7:07,0.379378736,16.65228653
2.50E-05,0.184306413,0.148880482,0.00194554,0.024696138,0.008784256,20.74435425,0.025536491,32,2022/8/6 7:07,,
2.50E-05,0.196015447,0.150123581,0.001787945,0.03317311,0.010930805,20.84572029,0.025506157,32,2022/8/6 7:07,,
2.50E-05,0.195665821,0.149058402,0.00171943,0.032216806,0.012671187,21.37810707,0.025480751,32,2022/8/6 7:08,,
2.50E-05,0.197737515,0.148538589,0.001716973,0.032161817,0.015320139,21.12978172,0.025476357,32,2022/8/6 7:08,,
2.50E-05,0.203891143,0.159339309,0.001743567,0.031217754,0.011590505,20.31449318,0.025442142,32,2022/8/6 7:08,,
2.50E-05,0.191971257,0.150292128,0.001570478,0.026198134,0.013910516,21.09333229,0.025405586,32,2022/8/6 7:09,,
2.50E-05,0.205647692,0.163713336,0.001980051,0.029226204,0.010728101,19.3968029,0.025418593,32,2022/8/6 7:09,,
2.50E-05,0.203027919,0.159484923,0.001817372,0.03141949,0.01030614,20.23934174,0.025399141,32,2022/8/6 7:09,,
2.50E-05,0.212751329,0.171475798,0.001515333,0.028932853,0.010827345,19.58064651,0.025372732,32,2022/8/6 7:09,,
2.50E-05,0.203856915,0.160575926,0.00168314,0.028092399,0.013505451,20.11862946,0.025336191,32,2022/8/6 7:10,,
2.50E-05,0.199157327,0.152738109,0.001817366,0.033837166,0.010764693,20.30817986,0.025297249,32,2022/8/6 7:10,,
2.50E-05,0.195503831,0.152764365,0.001805101,0.027156953,0.013777417,20.82522583,0.025275894,32,2022/8/6 7:10,,
2.50E-05,0.196684405,0.155810803,0.002105231,0.026522374,0.012245995,20.7968502,0.025288926,32,2022/8/6 7:13,,
,,,,,,,,32,2022/8/6 7:13,0.363393635,17.00728798
2.50E-05,0.208823562,0.15473789,0.002325707,0.036706354,0.015053599,20.89033508,0.025241081,33,2022/8/6 7:13,,
2.50E-05,0.209877104,0.163541302,0.001777575,0.032143474,0.012414755,19.9656086,0.025229642,33,2022/8/6 7:13,,
2.50E-05,0.206951916,0.162331492,0.002016686,0.030703841,0.011899884,20.23642731,0.025197033,33,2022/8/6 7:14,,
2.50E-05,0.197913736,0.151322082,0.001932437,0.030671299,0.013987917,21.14259529,0.025171073,33,2022/8/6 7:14,,
2.50E-05,0.193138197,0.149852008,0.001921189,0.029153774,0.012211218,20.65773201,0.02516249,33,2022/8/6 7:14,,
2.50E-05,0.203027397,0.153515816,0.001946301,0.037312649,0.01025262,20.24512482,0.02513184,33,2022/8/6 7:15,,
2.50E-05,0.194106698,0.15063782,0.00165481,0.0298563,0.011957786,20.76578331,0.025104549,33,2022/8/6 7:15,,
2.50E-05,0.198759556,0.15785639,0.002200621,0.029116824,0.009585731,20.2688942,0.025105668,33,2022/8/6 7:15,,
2.50E-05,0.196880311,0.148107558,0.001578018,0.027011504,0.020183232,20.75340652,0.025104322,33,2022/8/6 7:16,,
2.50E-05,0.187524766,0.14558509,0.002069444,0.028291712,0.011578522,21.09663391,0.025087574,33,2022/8/6 7:16,,
2.50E-05,0.185977831,0.142799467,0.001842565,0.029911702,0.011424108,21.10468102,0.025071878,33,2022/8/6 7:16,,
2.50E-05,0.185766429,0.149528787,0.00207719,0.025846193,0.008314252,20.71689606,0.025051832,33,2022/8/6 7:16,,
,,,,,,,,33,2022/8/6 7:17,0.377184212,16.68728256
2.50E-05,0.210014746,0.163393348,0.002035751,0.03186487,0.012720776,20.30291557,0.025042033,34,2022/8/6 7:17,,
2.50E-05,0.214101642,0.167262658,0.002049702,0.033597048,0.011192228,19.94006157,0.025015442,34,2022/8/6 7:17,,
2.50E-05,0.183549777,0.150184989,0.001767109,0.020049732,0.011547943,21.20883942,0.02498796,34,2022/8/6 7:18,,
2.50E-05,0.201709121,0.160753325,0.001662828,0.027733808,0.011559164,20.27706909,0.02494128,34,2022/8/6 7:18,,
2.50E-05,0.201587319,0.155654922,0.002077076,0.033450648,0.010404682,20.52449226,0.024935091,34,2022/8/6 7:18,,
2.50E-05,0.192361012,0.153663337,0.002209901,0.026283575,0.010204199,20.78494263,0.024952419,34,2022/8/6 7:18,,
2.50E-05,0.20160383,0.156113565,0.001928286,0.03040719,0.013154794,20.45158195,0.024910014,34,2022/8/6 7:19,,
2.50E-05,0.1895376,0.146355003,0.002222469,0.028227149,0.012732987,20.82589722,0.024937741,34,2022/8/6 7:19,,
2.50E-05,0.201435372,0.157495767,0.001987295,0.028884409,0.013067898,20.14716911,0.024889249,34,2022/8/6 7:19,,
2.50E-05,0.201208428,0.15582107,0.002002555,0.033839773,0.009545027,20.2621479,0.024900841,34,2022/8/6 7:20,,
2.50E-05,0.192851245,0.150396079,0.00192887,0.031260122,0.00926619,20.74934959,0.024876434,34,2022/8/6 7:20,,
2.50E-05,0.198198959,0.154720217,0.001825751,0.031903435,0.009749558,19.94237709,0.024861397,34,2022/8/6 7:20,,
2.50E-05,0.195289001,0.147086456,0.002046124,0.032224067,0.013932369,21.23541069,0.024854019,34,2022/8/6 7:20,,
,,,,,,,,34,2022/8/6 7:21,0.371444374,16.87544441
2.50E-05,0.189043105,0.146533594,0.00186364,0.027521281,0.013124584,20.94691086,0.024817895,35,2022/8/6 7:21,,
2.50E-05,0.205923259,0.162434012,0.001965683,0.030126756,0.011396809,20.27611732,0.02476443,35,2022/8/6 7:21,,
2.50E-05,0.192306608,0.153306007,0.001945873,0.025019869,0.012034858,21.07470703,0.024774253,35,2022/8/6 7:22,,
2.50E-05,0.202502549,0.160260588,0.00189938,0.028372912,0.011969674,19.81972122,0.024764061,35,2022/8/6 7:22,,
2.50E-05,0.202096686,0.158133507,0.00196954,0.033214994,0.008778646,20.10852051,0.024739509,35,2022/8/6 7:22,,
2.50E-05,0.179009914,0.136520356,0.001975963,0.030044679,0.010468914,21.54948425,0.024715411,35,2022/8/6 7:23,,
2.50E-05,0.204005763,0.154875696,0.001894159,0.033602718,0.013633192,19.97022438,0.024700364,35,2022/8/6 7:23,,
2.50E-05,0.20107235,0.157911375,0.001928366,0.029181892,0.012050717,20.16076279,0.024682526,35,2022/8/6 7:23,,
2.50E-05,0.19214417,0.154384345,0.00151169,0.02622149,0.010026649,20.7425518,0.024670182,35,2022/8/6 7:23,,
2.50E-05,0.208650783,0.16518259,0.001893438,0.032770976,0.00880378,19.91007996,0.024644446,35,2022/8/6 7:24,,
2.50E-05,0.190269411,0.146035254,0.001794821,0.030924723,0.01151462,21.02255058,0.024634356,35,2022/8/6 7:24,,
2.50E-05,0.194190472,0.155890778,0.002313857,0.025326287,0.010659568,20.56589508,0.024636621,35,2022/8/6 7:24,,
,,,,,,,,35,2022/8/6 7:25,0.368771672,16.88106155
2.50E-05,0.19435963,0.148351997,0.001680637,0.03543986,0.008887123,20.64974213,0.024635846,36,2022/8/6 7:25,,
2.50E-05,0.197147876,0.151620716,0.001800515,0.033027139,0.010699494,20.58068085,0.024639381,36,2022/8/6 7:25,,
2.50E-05,0.185106128,0.138224125,0.001923309,0.031681702,0.013276993,21.48343277,0.024594104,36,2022/8/6 7:25,,
2.50E-05,0.224686876,0.175933391,0.001935096,0.034691345,0.012127047,19.7677021,0.0245972,36,2022/8/6 7:26,,
2.50E-05,0.18671453,0.148564577,0.00177194,0.025625983,0.010752018,20.76688576,0.024576724,36,2022/8/6 7:26,,
2.50E-05,0.195789114,0.152604192,0.001793891,0.030216623,0.011174414,20.63684082,0.024578201,36,2022/8/6 7:26,,
2.50E-05,0.196584791,0.154511392,0.001692583,0.028895287,0.011485537,20.7434063,0.024610251,36,2022/8/6 7:27,,
2.50E-05,0.182989389,0.144410163,0.001978731,0.024948275,0.011652234,21.29286194,0.024612838,36,2022/8/6 7:27,,
2.50E-05,0.194934249,0.154647395,0.001916157,0.025820095,0.012550607,20.50178909,0.024554754,36,2022/8/6 7:27,,
2.50E-05,0.192517728,0.148274139,0.00191309,0.032895252,0.009435259,20.93716812,0.024515854,36,2022/8/6 7:28,,
2.50E-05,0.196276277,0.153193519,0.001542942,0.031708699,0.009831115,20.44153404,0.024486324,36,2022/8/6 7:28,,
2.50E-05,0.201210484,0.162133053,0.001889223,0.025513673,0.011674526,19.89803123,0.024428882,36,2022/8/6 7:28,,
2.50E-05,0.190921932,0.155006364,0.001816304,0.024901969,0.009197295,20.37530518,0.024432028,36,2022/8/6 7:28,,
,,,,,,,,36,2022/8/6 7:29,0.371017277,16.85350609
2.50E-05,0.200325817,0.146947861,0.002036868,0.040833946,0.010507138,21.33299255,0.024451992,37,2022/8/6 7:29,,
2.50E-05,0.206205502,0.161807045,0.001793335,0.030885894,0.011719227,20.61179924,0.024437072,37,2022/8/6 7:29,,
2.50E-05,0.186747104,0.143373296,0.001824695,0.028924499,0.012624614,21.04398537,0.024406625,37,2022/8/6 7:30,,
2.50E-05,0.176943794,0.139802754,0.001701814,0.025539938,0.009899287,21.88315582,0.024410723,37,2022/8/6 7:30,,
2.50E-05,0.169106588,0.130649284,0.001827229,0.028595323,0.008034755,22.05653763,0.024387971,37,2022/8/6 7:30,,
2.50E-05,0.187878549,0.148269415,0.002034526,0.029035915,0.008538689,21.00313187,0.024359798,37,2022/8/6 7:30,,
2.50E-05,0.195414737,0.153381392,0.001841465,0.027894288,0.012297584,20.40040207,0.024353892,37,2022/8/6 7:31,,
2.50E-05,0.188673064,0.148133352,0.002023319,0.028803349,0.009713035,20.93903351,0.024365928,37,2022/8/6 7:31,,
2.50E-05,0.20887059,0.163539976,0.001688453,0.034292113,0.009350047,19.9197216,0.024358021,37,2022/8/6 7:31,,
2.50E-05,0.199814066,0.156159177,0.001719174,0.03126182,0.010673898,20.44520187,0.02434165,37,2022/8/6 7:32,,
2.50E-05,0.198615134,0.159103513,0.002142869,0.026841957,0.010526798,20.42507935,0.024304645,37,2022/8/6 7:32,,
2.50E-05,0.190532282,0.149100527,0.001865047,0.029641738,0.009924981,20.82685471,0.024267277,37,2022/8/6 7:32,,
,,,,,,,,37,2022/8/6 7:33,0.385431886,16.54516602
2.50E-05,0.183972359,0.139498949,0.001910506,0.032661881,0.009901019,21.21399117,0.024245508,38,2022/8/6 7:33,,
2.50E-05,0.18891716,0.144918382,0.00165098,0.032064565,0.010283238,21.09711456,0.024236595,38,2022/8/6 7:33,,
2.50E-05,0.186201587,0.149126321,0.001956263,0.02545291,0.009666088,20.6764183,0.024219984,38,2022/8/6 7:33,,
2.50E-05,0.182853505,0.143109336,0.00194776,0.026947409,0.010848993,21.38976669,0.024194671,38,2022/8/6 7:34,,
2.50E-05,0.183646679,0.14251031,0.00152173,0.028623063,0.010991572,21.7559166,0.024177311,38,2022/8/6 7:34,,
2.50E-05,0.19312413,0.152543962,0.001573114,0.030702233,0.008304826,20.8705616,0.024153264,38,2022/8/6 7:34,,
2.50E-05,0.179914877,0.141181543,0.001670869,0.027371377,0.009691085,21.30293655,0.024142537,38,2022/8/6 7:35,,
2.50E-05,0.203181356,0.157856509,0.001917942,0.033246603,0.010160295,20.30203056,0.024109481,38,2022/8/6 7:35,,
2.50E-05,0.208763555,0.160951376,0.001872476,0.034170832,0.011768865,19.55667305,0.024127295,38,2022/8/6 7:35,,
2.50E-05,0.19757095,0.147285998,0.00186644,0.028112549,0.020305956,21.00966454,0.024122195,38,2022/8/6 7:35,,
2.50E-05,0.182750329,0.140627384,0.001903461,0.031002382,0.009217097,21.07257843,0.024096804,38,2022/8/6 7:36,,
2.50E-05,0.182302415,0.140435249,0.001944754,0.02854508,0.011377341,20.86086655,0.024073811,38,2022/8/6 7:36,,
2.50E-05,0.184245914,0.148193076,0.00189494,0.024788262,0.009369637,21.12818527,0.02405001,38,2022/8/6 7:36,,
,,,,,,,,38,2022/8/6 7:37,0.3685278,16.87762833
2.50E-05,0.173839107,0.13325949,0.001935644,0.029236138,0.009407836,21.67068291,0.024060197,39,2022/8/6 7:37,,
2.50E-05,0.19090949,0.153207704,0.001993876,0.026650397,0.009057513,20.18082619,0.024057006,39,2022/8/6 7:37,,
2.50E-05,0.177138671,0.14032881,0.00200396,0.024343261,0.010462638,21.42284203,0.024016863,39,2022/8/6 7:38,,
2.50E-05,0.195894718,0.156649455,0.001860268,0.029464586,0.007920419,20.37601471,0.023989569,39,2022/8/6 7:38,,
2.50E-05,0.183879688,0.141714901,0.001760473,0.030342851,0.010061475,21.07831573,0.023962833,39,2022/8/6 7:38,,
2.50E-05,0.179740921,0.136754379,0.00172234,0.028332159,0.012932052,22.23779488,0.023943303,39,2022/8/6 7:38,,
2.50E-05,0.191392809,0.145725578,0.001814947,0.030893037,0.012959234,21.31674957,0.023879264,39,2022/8/6 7:39,,
2.50E-05,0.190278947,0.141361564,0.001850948,0.034621786,0.012444648,21.17205811,0.023875354,39,2022/8/6 7:39,,
2.50E-05,0.194387466,0.14655368,0.001908112,0.032932796,0.012992891,20.97274017,0.023872029,39,2022/8/6 7:39,,
2.50E-05,0.180771798,0.146554679,0.001908875,0.02301739,0.009290866,20.76067352,0.023872942,39,2022/8/6 7:40,,
2.50E-05,0.192233279,0.151216075,0.001933664,0.030950485,0.008133051,20.76844978,0.023892226,39,2022/8/6 7:40,,
2.50E-05,0.175943017,0.137228236,0.00184561,0.025386561,0.011482614,21.59376144,0.023862276,39,2022/8/6 7:40,,
,,,,,,,,39,2022/8/6 7:41,0.383906692,16.57781792
2.50E-05,0.183430925,0.144165695,0.001943543,0.027987903,0.009333796,20.80840874,0.023850895,40,2022/8/6 7:41,,
2.50E-05,0.183821902,0.144571379,0.001689269,0.025993556,0.011567702,21.187397,0.023823163,40,2022/8/6 7:41,,
2.50E-05,0.196749434,0.151736811,0.002099272,0.032278579,0.010634767,20.55281067,0.023801938,40,2022/8/6 7:41,,
2.50E-05,0.187352359,0.145185038,0.002130584,0.028307585,0.011729156,21.05538559,0.023748202,40,2022/8/6 7:42,,
2.50E-05,0.19946304,0.154993892,0.001812291,0.034321174,0.008335683,20.67393875,0.023736311,40,2022/8/6 7:42,,
2.50E-05,0.196918756,0.157984793,0.001807491,0.027355243,0.009771227,20.28433228,0.023718778,40,2022/8/6 7:42,,
2.50E-05,0.181217939,0.142649502,0.001653614,0.029010031,0.007904805,21.2571373,0.02369879,40,2022/8/6 7:42,,
2.50E-05,0.19621107,0.152860925,0.001752699,0.033166382,0.008431062,20.81196976,0.023683235,40,2022/8/6 7:43,,
2.50E-05,0.20773308,0.165844172,0.001766966,0.030813769,0.009308179,19.82876396,0.023657359,40,2022/8/6 7:43,,
2.50E-05,0.196242869,0.14891471,0.001856935,0.03300019,0.01247103,20.36878204,0.02366397,40,2022/8/6 7:43,,
2.50E-05,0.202517703,0.157810077,0.001694104,0.033182424,0.009831102,19.49448776,0.023625541,40,2022/8/6 7:44,,
2.50E-05,0.187623754,0.148152933,0.001674613,0.029306788,0.008489425,21.07197189,0.023605637,40,2022/8/6 7:44,,
2.50E-05,0.195300579,0.149141073,0.001784319,0.036359776,0.008015404,20.81950951,0.023583813,40,2022/8/6 7:46,,
,,,,,,,,40,2022/8/6 7:46,0.382254839,16.64185905
2.50E-05,0.1756998,0.134862423,0.001733312,0.028509641,0.010594405,21.89282417,0.023522018,41,2022/8/6 7:47,,
2.50E-05,0.19334498,0.155113831,0.001868806,0.024830071,0.011532283,20.43193817,0.023489589,41,2022/8/6 7:47,,
2.50E-05,0.192328528,0.14957501,0.002128141,0.030077701,0.010547687,20.62417221,0.023505626,41,2022/8/6 7:47,,
2.50E-05,0.186680496,0.150451332,0.001599613,0.026958277,0.007671282,20.76087761,0.023502499,41,2022/8/6 7:48,,
2.50E-05,0.185161293,0.147246793,0.001889477,0.027682448,0.008342566,20.47138977,0.023473263,41,2022/8/6 7:48,,
2.50E-05,0.192974389,0.153310746,0.001944098,0.026897753,0.010821796,20.3143692,0.023454277,41,2022/8/6 7:48,,
2.50E-05,0.18592672,0.142704263,0.002025255,0.032475233,0.008721966,21.17863655,0.023442239,41,2022/8/6 7:49,,
2.50E-05,0.193253562,0.146668762,0.001864572,0.032560505,0.012159714,20.84120941,0.023414869,41,2022/8/6 7:49,,
2.50E-05,0.193322405,0.151233807,0.002173752,0.030460132,0.009454707,20.55786133,0.0234085,41,2022/8/6 7:49,,
2.50E-05,0.200147107,0.156446755,0.001811047,0.031719632,0.010169664,20.25164604,0.023425585,41,2022/8/6 7:49,,
2.50E-05,0.190566882,0.143921033,0.001922901,0.033848286,0.010874663,20.4259491,0.02341898,41,2022/8/6 7:50,,
2.50E-05,0.197956786,0.14955318,0.001875571,0.03529238,0.011235675,20.50563622,0.023428125,41,2022/8/6 7:50,,
,,,,,,,,41,2022/8/6 7:50,0.38376525,16.58209801
2.50E-05,0.192727685,0.156242236,0.001979783,0.024628099,0.009877556,20.3911438,0.023447841,42,2022/8/6 7:51,,
2.50E-05,0.186662555,0.149893358,0.001849863,0.02456486,0.010354472,20.79412842,0.023451587,42,2022/8/6 7:51,,
2.50E-05,0.185292408,0.143999025,0.002009895,0.02722211,0.012061378,21.27708817,0.023440836,42,2022/8/6 7:51,,
2.50E-05,0.200760126,0.150345132,0.002083136,0.038764622,0.009567238,20.1966629,0.023412345,42,2022/8/6 7:51,,
2.50E-05,0.180622339,0.141794026,0.00197571,0.026486089,0.010366511,21.09505463,0.023392534,42,2022/8/6 7:52,,
2.50E-05,0.203113973,0.156520501,0.001828672,0.031140266,0.013624537,19.89377594,0.023392623,42,2022/8/6 7:52,,
2.50E-05,0.189587131,0.142026961,0.001907717,0.03426037,0.011392075,21.04721451,0.023404922,42,2022/8/6 7:52,,
2.50E-05,0.185090318,0.14652814,0.001919246,0.028128145,0.008514785,20.48899841,0.023380108,42,2022/8/6 7:53,,
2.50E-05,0.187742278,0.149440661,0.001865739,0.027877111,0.008558766,20.82035446,0.023370296,42,2022/8/6 7:53,,
2.50E-05,0.182904318,0.142107755,0.001838583,0.030961452,0.007996532,20.74252129,0.023355592,42,2022/8/6 7:53,,
2.50E-05,0.191605225,0.149740949,0.001823015,0.029185688,0.010855582,20.44976807,0.023348819,42,2022/8/6 7:54,,
2.50E-05,0.186097085,0.144044787,0.001792275,0.030725224,0.009534798,21.87410164,0.023314498,42,2022/8/6 7:54,,
2.50E-05,0.193973839,0.154928476,0.001778158,0.029034132,0.008233064,19.86688805,0.023311969,42,2022/8/6 7:54,,
,,,,,,,,42,2022/8/6 7:54,0.384366333,16.56595039
2.50E-05,0.200175136,0.145012632,0.001917498,0.027468527,0.025776481,21.18401527,0.02333048,43,2022/8/6 7:55,,
2.50E-05,0.185979545,0.146624193,0.00189904,0.025141841,0.012314487,20.9144516,0.023340849,43,2022/8/6 7:55,,
2.50E-05,0.188509643,0.147629648,0.002018622,0.028759051,0.010102327,20.57398796,0.023326008,43,2022/8/6 7:55,,
2.50E-05,0.184970841,0.140156493,0.002017091,0.032166671,0.010630583,21.40834427,0.023310035,43,2022/8/6 7:56,,
2.50E-05,0.18316254,0.144929737,0.001842367,0.028065449,0.008324998,21.39413452,0.023262128,43,2022/8/6 7:56,,
2.50E-05,0.17431885,0.145803735,0.001970609,0.018128091,0.008416411,20.72578621,0.023227507,43,2022/8/6 7:56,,
2.50E-05,0.193253115,0.151965141,0.002097661,0.026198177,0.012992123,21.01584625,0.023209903,43,2022/8/6 7:56,,
2.50E-05,0.186689422,0.140012577,0.001890439,0.032336611,0.012449797,21.39443398,0.023197211,43,2022/8/6 7:57,,
2.50E-05,0.191274658,0.148194119,0.001784214,0.032642685,0.008653623,20.79945564,0.023200275,43,2022/8/6 7:57,,
2.50E-05,0.191697404,0.149676964,0.001855523,0.026374569,0.013790349,20.28805161,0.023178129,43,2022/8/6 7:57,,
2.50E-05,0.197919458,0.147925407,0.001817812,0.037827812,0.010348435,20.11121368,0.023161318,43,2022/8/6 7:58,,
2.50E-05,0.190244883,0.149448633,0.002064685,0.031670485,0.007061086,20.52338791,0.023155868,43,2022/8/6 7:58,,
,,,,,,,,43,2022/8/6 7:58,0.370373666,16.79845428
2.50E-05,0.197825909,0.151047096,0.002224051,0.035491567,0.009063183,20.11312675,0.023125805,44,2022/8/6 7:59,,
2.50E-05,0.192499116,0.153440729,0.001918406,0.028310133,0.008829845,20.05888939,0.023129782,44,2022/8/6 7:59,,
2.50E-05,0.185548127,0.146116957,0.002004906,0.02590595,0.011520307,20.59435654,0.023115933,44,2022/8/6 7:59,,
2.50E-05,0.194851428,0.157776132,0.001997005,0.026589751,0.008488528,20.10914803,0.023121484,44,2022/8/6 7:59,,
2.50E-05,0.200832367,0.157109827,0.001750759,0.031611819,0.010359972,19.89151955,0.023130614,44,2022/8/6 8:00,,
2.50E-05,0.19464469,0.153682023,0.001971446,0.027376099,0.011615123,19.80443382,0.02310764,44,2022/8/6 8:00,,
2.50E-05,0.177664608,0.144855469,0.001925222,0.022492126,0.008391794,20.86419106,0.023087231,44,2022/8/6 8:00,,
2.50E-05,0.196357101,0.157179773,0.001817216,0.028423646,0.008936469,19.94478989,0.023066716,44,2022/8/6 8:01,,
2.50E-05,0.182334453,0.145166948,0.001725729,0.028294608,0.007147156,21.29452133,0.023021992,44,2022/8/6 8:01,,
2.50E-05,0.187320754,0.14714022,0.001742191,0.030929385,0.007508958,20.87727737,0.023021391,44,2022/8/6 8:01,,
2.50E-05,0.184706226,0.145954385,0.00181087,0.029000536,0.007940437,21.12186241,0.022993311,44,2022/8/6 8:01,,
2.50E-05,0.187196165,0.138912067,0.001813878,0.035977036,0.010493184,21.67251587,0.022991441,44,2022/8/6 8:02,,
2.50E-05,0.193117902,0.148710608,0.001779758,0.031611901,0.011015624,20.60601044,0.022961447,44,2022/8/6 8:02,,
,,,,,,,,44,2022/8/6 8:02,0.374303997,16.77654648
2.50E-05,0.165165827,0.132295921,0.002093258,0.023524502,0.007252145,21.46368027,0.022943307,45,2022/8/6 8:03,,
2.50E-05,0.17003113,0.136165455,0.001856508,0.024170225,0.007838946,21.99273872,0.022943448,45,2022/8/6 8:03,,
2.50E-05,0.175060958,0.135928497,0.001993707,0.027709544,0.009429222,21.58863831,0.022946496,45,2022/8/6 8:03,,
2.50E-05,0.176366463,0.138016254,0.001833914,0.026081577,0.01043472,21.13366699,0.022955405,45,2022/8/6 8:04,,
2.50E-05,0.182147413,0.141305313,0.001570521,0.030222192,0.009049392,21.40254021,0.022950437,45,2022/8/6 8:04,,
2.50E-05,0.189271674,0.143075809,0.001929113,0.035259061,0.009007681,21.22310448,0.022928964,45,2022/8/6 8:04,,
2.50E-05,0.208120689,0.164776504,0.001777395,0.035011321,0.006555463,19.82591438,0.022925761,45,2022/8/6 8:04,,
2.50E-05,0.171684325,0.131995037,0.001917404,0.029690295,0.008081592,21.94411087,0.022904644,45,2022/8/6 8:05,,
2.50E-05,0.188864261,0.143196821,0.001771275,0.035110798,0.008785365,20.89050674,0.022890031,45,2022/8/6 8:05,,
2.50E-05,0.172651902,0.132544696,0.001765958,0.030154724,0.008186534,21.1880455,0.022878414,45,2022/8/6 8:05,,
2.50E-05,0.188987657,0.146378428,0.001563262,0.031957537,0.009088431,20.97579765,0.022859991,45,2022/8/6 8:06,,
2.50E-05,0.185083747,0.14543356,0.002020961,0.030357564,0.007271662,21.13679886,0.022829425,45,2022/8/6 8:06,,
,,,,,,,,45,2022/8/6 8:06,0.371392399,16.82130623
2.50E-05,0.182748303,0.138269395,0.001787208,0.032961957,0.009729723,21.40447807,0.022818564,46,2022/8/6 8:06,,
2.50E-05,0.180824772,0.13791813,0.002212636,0.031647753,0.009046237,21.15202141,0.022798002,46,2022/8/6 8:07,,
2.50E-05,0.200435683,0.157611698,0.002002011,0.03218535,0.008636618,20.24318504,0.022788547,46,2022/8/6 8:07,,
2.50E-05,0.181528106,0.145579636,0.001752428,0.02739336,0.006802692,20.63641739,0.022784259,46,2022/8/6 8:07,,
2.50E-05,0.176333174,0.139618933,0.001886258,0.02673991,0.008088063,21.6835804,0.022759339,46,2022/8/6 8:08,,
2.50E-05,0.182456583,0.139002964,0.001883664,0.03050595,0.011063999,21.59553719,0.02276714,46,2022/8/6 8:08,,
2.50E-05,0.200243235,0.157890111,0.001580421,0.033583369,0.007189327,20.02011299,0.022769723,46,2022/8/6 8:08,,
2.50E-05,0.181881294,0.147539049,0.001906837,0.022635164,0.009800246,20.99481964,0.022748869,46,2022/8/6 8:09,,
2.50E-05,0.166457117,0.133639857,0.001551467,0.021401696,0.00986409,21.74742508,0.022755265,46,2022/8/6 8:09,,
2.50E-05,0.188447818,0.151711047,0.001909079,0.028727651,0.006100043,21.0874157,0.022747329,46,2022/8/6 8:09,,
2.50E-05,0.184488416,0.143919215,0.001895459,0.029243419,0.009430321,21.06195641,0.022733156,46,2022/8/6 8:09,,
2.50E-05,0.176772505,0.136523589,0.001395027,0.029035175,0.009818707,21.4266243,0.022736438,46,2022/8/6 8:10,,
2.50E-05,0.182387158,0.146270558,0.001554974,0.024048755,0.010512865,20.43874741,0.022696732,46,2022/8/6 8:10,,
,,,,,,,,46,2022/8/6 8:10,0.372778684,16.86167145
2.50E-05,0.19016093,0.142826796,0.001903777,0.037079349,0.008351017,21.14164352,0.022685423,47,2022/8/6 8:11,,
2.50E-05,0.177581638,0.14522475,0.001902217,0.02329777,0.007156889,21.34353638,0.022654297,47,2022/8/6 8:11,,
2.50E-05,0.195638388,0.150092661,0.001813353,0.035583347,0.008149035,21.403265,0.022645911,47,2022/8/6 8:11,,
2.50E-05,0.196628064,0.145374283,0.001869273,0.039450005,0.009934506,20.99699211,0.022613285,47,2022/8/6 8:11,,
2.50E-05,0.17651175,0.13824062,0.00176237,0.028885467,0.007623288,21.85211372,0.022595549,47,2022/8/6 8:12,,
2.50E-05,0.191376448,0.148957878,0.001873263,0.030628327,0.009916973,20.35083008,0.022599407,47,2022/8/6 8:12,,
2.50E-05,0.17572102,0.142457068,0.001642163,0.024898533,0.00672326,21.34725571,0.022578897,47,2022/8/6 8:12,,
2.50E-05,0.168671787,0.13144587,0.001676472,0.026485408,0.009064036,21.75371552,0.022570495,47,2022/8/6 8:13,,
2.50E-05,0.180783451,0.141293943,0.001821469,0.030133551,0.007534483,21.47999954,0.022550816,47,2022/8/6 8:13,,
2.50E-05,0.177137047,0.137403756,0.001607456,0.029916888,0.008208941,21.15147018,0.022573987,47,2022/8/6 8:13,,
2.50E-05,0.186725363,0.143157631,0.001896241,0.030474642,0.011196835,20.64375877,0.022565095,47,2022/8/6 8:13,,
2.50E-05,0.17689532,0.135733351,0.001719832,0.029011769,0.010430372,21.64469528,0.022563417,47,2022/8/6 8:14,,
,,,,,,,,47,2022/8/6 8:14,0.386673778,16.55680275
2.50E-05,0.175583869,0.140346348,0.002029307,0.024658898,0.008549306,21.33529282,0.022562066,48,2022/8/6 8:14,,
2.50E-05,0.180276185,0.1453823,0.001656622,0.025920346,0.007316919,20.95274734,0.022539871,48,2022/8/6 8:15,,
2.50E-05,0.198441476,0.147444174,0.001817993,0.042103153,0.007076155,20.80428314,0.022514168,48,2022/8/6 8:15,,
2.50E-05,0.191980019,0.150937393,0.00198311,0.030907044,0.008152477,20.45610237,0.022490673,48,2022/8/6 8:15,,
2.50E-05,0.20615676,0.162334442,0.00189231,0.032927245,0.009002756,19.39211082,0.022487747,48,2022/8/6 8:16,,
2.50E-05,0.190319404,0.147713035,0.001952637,0.029949773,0.010703968,20.63607025,0.022464382,48,2022/8/6 8:16,,
2.50E-05,0.184367344,0.145052224,0.001502241,0.029853752,0.007959126,20.47900009,0.022461366,48,2022/8/6 8:16,,
2.50E-05,0.168679893,0.132786423,0.001561486,0.026066029,0.008265946,21.68637085,0.022476448,48,2022/8/6 8:16,,
2.50E-05,0.183254227,0.139299482,0.001928967,0.032488391,0.009537387,20.94671059,0.022469956,48,2022/8/6 8:17,,
2.50E-05,0.177913517,0.137059748,0.001818089,0.029915927,0.009119747,21.8776722,0.02246967,48,2022/8/6 8:17,,
2.50E-05,0.16774933,0.134523332,0.001422308,0.022684528,0.009119156,21.24622726,0.022449065,48,2022/8/6 8:17,,
2.50E-05,0.195119098,0.147869766,0.001872522,0.035827246,0.009549558,20.32713699,0.022427248,48,2022/8/6 8:18,,
2.50E-05,0.180985719,0.140415564,0.001628438,0.031479068,0.007462645,21.2925415,0.022427205,48,2022/8/6 8:20,,
,,,,,,,,48,2022/8/6 8:20,0.371520698,16.8342514
2.50E-05,0.206371784,0.161197096,0.001625035,0.036403328,0.007146328,19.54447937,0.022412987,49,2022/8/6 8:20,,
2.50E-05,0.178463712,0.138300925,0.001810023,0.031630546,0.006722206,21.41180801,0.022371009,49,2022/8/6 8:21,,
2.50E-05,0.171743512,0.138331294,0.001731507,0.023793768,0.007886946,20.69879913,0.022329498,49,2022/8/6 8:21,,
2.50E-05,0.17923893,0.140988961,0.001644171,0.027792096,0.008813716,20.83531952,0.02230957,49,2022/8/6 8:21,,
2.50E-05,0.173099935,0.136285126,0.001711397,0.027372971,0.007730435,21.15789795,0.022284009,49,2022/8/6 8:22,,
2.50E-05,0.201437756,0.160247147,0.001510471,0.030327389,0.009352739,19.5494976,0.022248987,49,2022/8/6 8:22,,
2.50E-05,0.179323047,0.141549066,0.001796466,0.024928922,0.011048584,20.93047905,0.022239208,49,2022/8/6 8:22,,
2.50E-05,0.186319083,0.15171954,0.001679138,0.024759671,0.008160738,20.4906292,0.0222346,49,2022/8/6 8:22,,
2.50E-05,0.174290836,0.136302084,0.001835701,0.027953167,0.008199888,21.92749405,0.022236055,49,2022/8/6 8:23,,
2.50E-05,0.180850729,0.138653949,0.001714326,0.029346768,0.011135691,21.64627075,0.022235917,49,2022/8/6 8:23,,
2.50E-05,0.177287564,0.142074957,0.001533681,0.026157502,0.007521422,20.588274,0.022218935,49,2022/8/6 8:23,,
2.50E-05,0.171552911,0.13317731,0.001833813,0.027829794,0.008711991,21.76849556,0.022189615,49,2022/8/6 8:24,,
,,,,,,,,49,2022/8/6 8:24,0.387546301,16.55171967
